PART.name,Category,
cryoengine-stromboli-1,Propulsion,CryoEngines
cryoengine-hecate-1,Propulsion,CryoEngines
cryoengine-vesuvius-1,Propulsion,CryoEngines
cryoengine-erebus-1,Propulsion,CryoEngines
cryoengine-pavonis-1,Propulsion,CryoEngines
cryoengine-fuji-1,Propulsion,CryoEngines
cryoengine-ulysses-1,Propulsion,CryoEngines
cryoengine-etna-1,Propulsion,CryoEngines
cryoengine-tharsis-1,Propulsion,CryoEngines
cryoengine-compsognathus-1,Propulsion,CryoEngines
cryoengine-hawk-1,Propulsion,CryoEngines
cryoengine-buzzard-1,Propulsion,CryoEngines
cryoengine-deinonychus-1,Propulsion,CryoEngines
cryoengine-harrier-1,Propulsion,CryoEngines
cryoengine-iguanodon-1,Propulsion,CryoEngines
cryoengine-allosaur-1,Propulsion,CryoEngines
cryoengine-eagle-1,Propulsion,CryoEngines
cryoengine-tyrannosaur-1,Propulsion,CryoEngines
cryoengine-vulture-1,Propulsion,CryoEngines
